"URI","Label","Definition","Notation","Status","AcceptedDate"
"http://dd.eionet.europa.eu/vocabulary/eurostat/sgm_reg/BE","Belgique/België","","BE","valid","2012-03-07"
"http://dd.eionet.europa.eu/vocabulary/eurostat/sgm_reg/BE1_2","Vlaams gewest en Brussel","","BE1_2","valid","2012-03-07"
"http://dd.eionet.europa.eu/vocabulary/eurostat/sgm_reg/BE3","Région Wallonne","","BE3","valid","2012-03-07"
"http://dd.eionet.europa.eu/vocabulary/eurostat/sgm_reg/BG","Bulgaria","","BG","valid","2012-03-07"
"http://dd.eionet.europa.eu/vocabulary/eurostat/sgm_reg/CZ","Ceska Republika","","CZ","valid","2012-03-07"
"http://dd.eionet.europa.eu/vocabulary/eurostat/sgm_reg/DK","Denmark","","DK","valid","2012-03-07"
"http://dd.eionet.europa.eu/vocabulary/eurostat/sgm_reg/DK_A","Øerne","","DK_A","valid","2012-03-07"
"http://dd.eionet.europa.eu/vocabulary/eurostat/sgm_reg/DK_B","Jylland","","DK_B","valid","2012-03-07"
"http://dd.eionet.europa.eu/vocabulary/eurostat/sgm_reg/DE","Germany (including ex-GDR from 1991)","","DE","valid","2012-03-07"
"http://dd.eionet.europa.eu/vocabulary/eurostat/sgm_reg/DE1","Baden-Württemberg","","DE1","valid","2012-03-07"
"http://dd.eionet.europa.eu/vocabulary/eurostat/sgm_reg/DE11","Stuttgart","","DE11","valid","2012-03-07"
"http://dd.eionet.europa.eu/vocabulary/eurostat/sgm_reg/DE12","Karlsruhe","","DE12","valid","2012-03-07"
"http://dd.eionet.europa.eu/vocabulary/eurostat/sgm_reg/DE13","Freiburg","","DE13","valid","2012-03-07"
"http://dd.eionet.europa.eu/vocabulary/eurostat/sgm_reg/DE14","Tübingen","","DE14","valid","2012-03-07"
"http://dd.eionet.europa.eu/vocabulary/eurostat/sgm_reg/DE2","Bayern","","DE2","valid","2012-03-07"
"http://dd.eionet.europa.eu/vocabulary/eurostat/sgm_reg/DE21","Oberbayern","","DE21","valid","2012-03-07"
"http://dd.eionet.europa.eu/vocabulary/eurostat/sgm_reg/DE22","Niederbayern","","DE22","valid","2012-03-07"
"http://dd.eionet.europa.eu/vocabulary/eurostat/sgm_reg/DE23","Oberpfalz","","DE23","valid","2012-03-07"
"http://dd.eionet.europa.eu/vocabulary/eurostat/sgm_reg/DE24","Oberfranken","","DE24","valid","2012-03-07"
"http://dd.eionet.europa.eu/vocabulary/eurostat/sgm_reg/DE25","Mittelfranken","","DE25","valid","2012-03-07"
"http://dd.eionet.europa.eu/vocabulary/eurostat/sgm_reg/DE26","Unterfranken","","DE26","valid","2012-03-07"
"http://dd.eionet.europa.eu/vocabulary/eurostat/sgm_reg/DE27","Schwaben","","DE27","valid","2012-03-07"
"http://dd.eionet.europa.eu/vocabulary/eurostat/sgm_reg/DE301_90_5_6","Hamburg, Bremen und Berlin (West)","","DE301_90_5_6","valid","2012-03-07"
"http://dd.eionet.europa.eu/vocabulary/eurostat/sgm_reg/DE3_90_5_6","Hamburg,Bremen,Berlin","","DE3_90_5_6","valid","2012-03-07"
"http://dd.eionet.europa.eu/vocabulary/eurostat/sgm_reg/DE30","Berlin","","DE30","valid","2012-03-07"
"http://dd.eionet.europa.eu/vocabulary/eurostat/sgm_reg/DE4","Brandenburg","","DE4","valid","2012-03-07"
"http://dd.eionet.europa.eu/vocabulary/eurostat/sgm_reg/DE41","Brandenburg - Nordost","","DE41","valid","2012-03-07"
"http://dd.eionet.europa.eu/vocabulary/eurostat/sgm_reg/DE42","Brandenburg - Südwest","","DE42","valid","2012-03-07"
"http://dd.eionet.europa.eu/vocabulary/eurostat/sgm_reg/DE50","Bremen","","DE50","valid","2012-03-07"
"http://dd.eionet.europa.eu/vocabulary/eurostat/sgm_reg/DE60","Hamburg","","DE60","valid","2012-03-07"
"http://dd.eionet.europa.eu/vocabulary/eurostat/sgm_reg/DE7","Hessen","","DE7","valid","2012-03-07"
"http://dd.eionet.europa.eu/vocabulary/eurostat/sgm_reg/DE71","Darmstadt","","DE71","valid","2012-03-07"
"http://dd.eionet.europa.eu/vocabulary/eurostat/sgm_reg/DE72","Giessen","","DE72","valid","2012-03-07"
"http://dd.eionet.europa.eu/vocabulary/eurostat/sgm_reg/DE73","Kassel","","DE73","valid","2012-03-07"
"http://dd.eionet.europa.eu/vocabulary/eurostat/sgm_reg/DE8","Mecklenburg-Vorpommern","","DE8","valid","2012-03-07"
"http://dd.eionet.europa.eu/vocabulary/eurostat/sgm_reg/DE80","Mecklenburg-Vorpommern","","DE80","valid","2012-03-07"
"http://dd.eionet.europa.eu/vocabulary/eurostat/sgm_reg/DE9","Niedersachsen","","DE9","valid","2012-03-07"
"http://dd.eionet.europa.eu/vocabulary/eurostat/sgm_reg/DE91","Braunschweig","","DE91","valid","2012-03-07"
"http://dd.eionet.europa.eu/vocabulary/eurostat/sgm_reg/DE92","Hannover","","DE92","valid","2012-03-07"
"http://dd.eionet.europa.eu/vocabulary/eurostat/sgm_reg/DE93","Lüneburg","","DE93","valid","2012-03-07"
"http://dd.eionet.europa.eu/vocabulary/eurostat/sgm_reg/DE94","Weser-Ems","","DE94","valid","2012-03-07"
"http://dd.eionet.europa.eu/vocabulary/eurostat/sgm_reg/DEA","Nordrhein-Westfalen","","DEA","valid","2012-03-07"
"http://dd.eionet.europa.eu/vocabulary/eurostat/sgm_reg/DEA1","Düsseldorf","","DEA1","valid","2012-03-07"
"http://dd.eionet.europa.eu/vocabulary/eurostat/sgm_reg/DEA2","Köln","","DEA2","valid","2012-03-07"
"http://dd.eionet.europa.eu/vocabulary/eurostat/sgm_reg/DEA3","Münster","","DEA3","valid","2012-03-07"
"http://dd.eionet.europa.eu/vocabulary/eurostat/sgm_reg/DEA4","Detmold","","DEA4","valid","2012-03-07"
"http://dd.eionet.europa.eu/vocabulary/eurostat/sgm_reg/DEA5","Arnsberg","","DEA5","valid","2012-03-07"
"http://dd.eionet.europa.eu/vocabulary/eurostat/sgm_reg/DEB","Rheinland-Pfalz","","DEB","valid","2012-03-07"
"http://dd.eionet.europa.eu/vocabulary/eurostat/sgm_reg/DEB1","Koblenz","","DEB1","valid","2012-03-07"
"http://dd.eionet.europa.eu/vocabulary/eurostat/sgm_reg/DEB2","Trier","","DEB2","valid","2012-03-07"
"http://dd.eionet.europa.eu/vocabulary/eurostat/sgm_reg/DEB3","Rheinhessen-Pfalz","","DEB3","valid","2012-03-07"
"http://dd.eionet.europa.eu/vocabulary/eurostat/sgm_reg/DEC","Saarland","","DEC","valid","2012-03-07"
"http://dd.eionet.europa.eu/vocabulary/eurostat/sgm_reg/DEC0","Saarland","","DEC0","valid","2012-03-07"
"http://dd.eionet.europa.eu/vocabulary/eurostat/sgm_reg/DED","Sachsen","","DED","valid","2012-03-07"
"http://dd.eionet.europa.eu/vocabulary/eurostat/sgm_reg/DED1","Chemnitz","","DED1","valid","2012-03-07"
"http://dd.eionet.europa.eu/vocabulary/eurostat/sgm_reg/DED2","Dresden","","DED2","valid","2012-03-07"
"http://dd.eionet.europa.eu/vocabulary/eurostat/sgm_reg/DED3","Leipzig","","DED3","valid","2012-03-07"
"http://dd.eionet.europa.eu/vocabulary/eurostat/sgm_reg/DEE","Sachsen-Anhalt","","DEE","valid","2012-03-07"
"http://dd.eionet.europa.eu/vocabulary/eurostat/sgm_reg/DEE0","Sachsen-Anhalt","","DEE0","valid","2012-03-07"
"http://dd.eionet.europa.eu/vocabulary/eurostat/sgm_reg/DEE1","Dessau","","DEE1","valid","2012-03-07"
"http://dd.eionet.europa.eu/vocabulary/eurostat/sgm_reg/DEE2","Halle","","DEE2","valid","2012-03-07"
"http://dd.eionet.europa.eu/vocabulary/eurostat/sgm_reg/DEE3","Magdeburg","","DEE3","valid","2012-03-07"
"http://dd.eionet.europa.eu/vocabulary/eurostat/sgm_reg/DEF","Schleswig-Holstein","","DEF","valid","2012-03-07"
"http://dd.eionet.europa.eu/vocabulary/eurostat/sgm_reg/DEF0","Schleswig-Holstein","","DEF0","valid","2012-03-07"
"http://dd.eionet.europa.eu/vocabulary/eurostat/sgm_reg/DEG","Thüringen","","DEG","valid","2012-03-07"
"http://dd.eionet.europa.eu/vocabulary/eurostat/sgm_reg/DEG0","Thüringen","","DEG0","valid","2012-03-07"
"http://dd.eionet.europa.eu/vocabulary/eurostat/sgm_reg/EE","Eesti","","EE","valid","2012-03-07"
"http://dd.eionet.europa.eu/vocabulary/eurostat/sgm_reg/IE","Ireland","","IE","valid","2012-03-07"
"http://dd.eionet.europa.eu/vocabulary/eurostat/sgm_reg/IE_C_U","Connacht-Ulster","","IE_C_U","valid","2012-03-07"
"http://dd.eionet.europa.eu/vocabulary/eurostat/sgm_reg/IE_L_M","Leinster-Munster","","IE_L_M","valid","2012-03-07"
"http://dd.eionet.europa.eu/vocabulary/eurostat/sgm_reg/EL","Greece","","EL","valid","2012-03-07"
"http://dd.eionet.europa.eu/vocabulary/eurostat/sgm_reg/EL11","Anatoliki Makedonia, Thraki","","EL11","valid","2012-03-07"
"http://dd.eionet.europa.eu/vocabulary/eurostat/sgm_reg/EL111","Evros","","EL111","valid","2012-03-07"
"http://dd.eionet.europa.eu/vocabulary/eurostat/sgm_reg/EL112","Xanthi","","EL112","valid","2012-03-07"
"http://dd.eionet.europa.eu/vocabulary/eurostat/sgm_reg/EL113","Rodopi","","EL113","valid","2012-03-07"
"http://dd.eionet.europa.eu/vocabulary/eurostat/sgm_reg/EL114","Drama","","EL114","valid","2012-03-07"
"http://dd.eionet.europa.eu/vocabulary/eurostat/sgm_reg/EL115","Kavala","","EL115","valid","2012-03-07"
"http://dd.eionet.europa.eu/vocabulary/eurostat/sgm_reg/EL12","Kentriki Makedonia","","EL12","valid","2012-03-07"
"http://dd.eionet.europa.eu/vocabulary/eurostat/sgm_reg/EL11_2_3","Makedonia","","EL11_2_3","valid","2012-03-07"
"http://dd.eionet.europa.eu/vocabulary/eurostat/sgm_reg/EL121","Imathia","","EL121","valid","2012-03-07"
"http://dd.eionet.europa.eu/vocabulary/eurostat/sgm_reg/EL122","Thessaloniki","","EL122","valid","2012-03-07"
"http://dd.eionet.europa.eu/vocabulary/eurostat/sgm_reg/EL123","Kilkis","","EL123","valid","2012-03-07"
"http://dd.eionet.europa.eu/vocabulary/eurostat/sgm_reg/EL124","Pella","","EL124","valid","2012-03-07"
"http://dd.eionet.europa.eu/vocabulary/eurostat/sgm_reg/EL125","Pieria","","EL125","valid","2012-03-07"
"http://dd.eionet.europa.eu/vocabulary/eurostat/sgm_reg/EL126","Serres","","EL126","valid","2012-03-07"
"http://dd.eionet.europa.eu/vocabulary/eurostat/sgm_reg/EL127","Chalkidiki","","EL127","valid","2012-03-07"
"http://dd.eionet.europa.eu/vocabulary/eurostat/sgm_reg/EL13","Dytiki Makedonia","","EL13","valid","2012-03-07"
"http://dd.eionet.europa.eu/vocabulary/eurostat/sgm_reg/EL131","Grevena","","EL131","valid","2012-03-07"
"http://dd.eionet.europa.eu/vocabulary/eurostat/sgm_reg/EL132","Kastoria","","EL132","valid","2012-03-07"
"http://dd.eionet.europa.eu/vocabulary/eurostat/sgm_reg/EL133","Kozani","","EL133","valid","2012-03-07"
"http://dd.eionet.europa.eu/vocabulary/eurostat/sgm_reg/EL134","Florina","","EL134","valid","2012-03-07"
"http://dd.eionet.europa.eu/vocabulary/eurostat/sgm_reg/EL14","Thessalia","","EL14","valid","2012-03-07"
"http://dd.eionet.europa.eu/vocabulary/eurostat/sgm_reg/EL141","Karditsa","","EL141","valid","2012-03-07"
"http://dd.eionet.europa.eu/vocabulary/eurostat/sgm_reg/EL142","Larisa","","EL142","valid","2012-03-07"
"http://dd.eionet.europa.eu/vocabulary/eurostat/sgm_reg/EL143","Magnisia","","EL143","valid","2012-03-07"
"http://dd.eionet.europa.eu/vocabulary/eurostat/sgm_reg/EL144","Trikala","","EL144","valid","2012-03-07"
"http://dd.eionet.europa.eu/vocabulary/eurostat/sgm_reg/EL21","Ipeiros","","EL21","valid","2012-03-07"
"http://dd.eionet.europa.eu/vocabulary/eurostat/sgm_reg/EL211","Arta","","EL211","valid","2012-03-07"
"http://dd.eionet.europa.eu/vocabulary/eurostat/sgm_reg/EL212","Thesprotia","","EL212","valid","2012-03-07"
"http://dd.eionet.europa.eu/vocabulary/eurostat/sgm_reg/EL213","Ioannina","","EL213","valid","2012-03-07"
"http://dd.eionet.europa.eu/vocabulary/eurostat/sgm_reg/EL214","Preveza","","EL214","valid","2012-03-07"
"http://dd.eionet.europa.eu/vocabulary/eurostat/sgm_reg/EL22","Ionia Nisia","","EL22","valid","2012-03-07"
"http://dd.eionet.europa.eu/vocabulary/eurostat/sgm_reg/EL21_A","Ipeiros, Ionia Nisia, Peloponnisos, Achaia,Ileia","","EL21_A","valid","2012-03-07"
"http://dd.eionet.europa.eu/vocabulary/eurostat/sgm_reg/EL221","Zakynthos","","EL221","valid","2012-03-07"
"http://dd.eionet.europa.eu/vocabulary/eurostat/sgm_reg/EL222","Kerkyra","","EL222","valid","2012-03-07"
"http://dd.eionet.europa.eu/vocabulary/eurostat/sgm_reg/EL223","Kefallinia","","EL223","valid","2012-03-07"
"http://dd.eionet.europa.eu/vocabulary/eurostat/sgm_reg/EL224","Lefkada","","EL224","valid","2012-03-07"
"http://dd.eionet.europa.eu/vocabulary/eurostat/sgm_reg/EL23","Dytiki Ellada","","EL23","valid","2012-03-07"
"http://dd.eionet.europa.eu/vocabulary/eurostat/sgm_reg/EL231","Aitoloakarnania","","EL231","valid","2012-03-07"
"http://dd.eionet.europa.eu/vocabulary/eurostat/sgm_reg/EL232","Achaia","","EL232","valid","2012-03-07"
"http://dd.eionet.europa.eu/vocabulary/eurostat/sgm_reg/EL233","Ileia","","EL233","valid","2012-03-07"
"http://dd.eionet.europa.eu/vocabulary/eurostat/sgm_reg/EL24","Sterea Ellada","","EL24","valid","2012-03-07"
"http://dd.eionet.europa.eu/vocabulary/eurostat/sgm_reg/EL241","Voiotia","","EL241","valid","2012-03-07"
"http://dd.eionet.europa.eu/vocabulary/eurostat/sgm_reg/EL242","Evvoia","","EL242","valid","2012-03-07"
"http://dd.eionet.europa.eu/vocabulary/eurostat/sgm_reg/EL243","Evrytania","","EL243","valid","2012-03-07"
"http://dd.eionet.europa.eu/vocabulary/eurostat/sgm_reg/EL244","Fthiotida","","EL244","valid","2012-03-07"
"http://dd.eionet.europa.eu/vocabulary/eurostat/sgm_reg/EL245","Fokida","","EL245","valid","2012-03-07"
"http://dd.eionet.europa.eu/vocabulary/eurostat/sgm_reg/EL25","Peloponnisos","","EL25","valid","2012-03-07"
"http://dd.eionet.europa.eu/vocabulary/eurostat/sgm_reg/EL251","Argolida","","EL251","valid","2012-03-07"
"http://dd.eionet.europa.eu/vocabulary/eurostat/sgm_reg/EL252","Arkadia","","EL252","valid","2012-03-07"
"http://dd.eionet.europa.eu/vocabulary/eurostat/sgm_reg/EL253","Korinthia","","EL253","valid","2012-03-07"
"http://dd.eionet.europa.eu/vocabulary/eurostat/sgm_reg/EL254","Lakonia","","EL254","valid","2012-03-07"
"http://dd.eionet.europa.eu/vocabulary/eurostat/sgm_reg/EL255","Messinia","","EL255","valid","2012-03-07"
"http://dd.eionet.europa.eu/vocabulary/eurostat/sgm_reg/EL3","Attiki","","EL3","valid","2012-03-07"
"http://dd.eionet.europa.eu/vocabulary/eurostat/sgm_reg/EL3_4_24_231","Attiki, Nisia Aigaiou, Kriti, Aitoloakarnania","","EL3_4_24_231","valid","2012-03-07"
"http://dd.eionet.europa.eu/vocabulary/eurostat/sgm_reg/EL41","Voreio Aigaio","","EL41","valid","2012-03-07"
"http://dd.eionet.europa.eu/vocabulary/eurostat/sgm_reg/EL411","Lesvos","","EL411","valid","2012-03-07"
"http://dd.eionet.europa.eu/vocabulary/eurostat/sgm_reg/EL412","Samos","","EL412","valid","2012-03-07"
"http://dd.eionet.europa.eu/vocabulary/eurostat/sgm_reg/EL413","Chios","","EL413","valid","2012-03-07"
"http://dd.eionet.europa.eu/vocabulary/eurostat/sgm_reg/EL42","Notio Aigaio","","EL42","valid","2012-03-07"
"http://dd.eionet.europa.eu/vocabulary/eurostat/sgm_reg/EL421","Dodekanisos","","EL421","valid","2012-03-07"
"http://dd.eionet.europa.eu/vocabulary/eurostat/sgm_reg/EL422","Kyklades","","EL422","valid","2012-03-07"
"http://dd.eionet.europa.eu/vocabulary/eurostat/sgm_reg/EL43","Kriti","","EL43","valid","2012-03-07"
"http://dd.eionet.europa.eu/vocabulary/eurostat/sgm_reg/EL431","Irakleio","","EL431","valid","2012-03-07"
"http://dd.eionet.europa.eu/vocabulary/eurostat/sgm_reg/EL432","Lasithi","","EL432","valid","2012-03-07"
"http://dd.eionet.europa.eu/vocabulary/eurostat/sgm_reg/EL433","Rethymni","","EL433","valid","2012-03-07"
"http://dd.eionet.europa.eu/vocabulary/eurostat/sgm_reg/EL434","Chania","","EL434","valid","2012-03-07"
"http://dd.eionet.europa.eu/vocabulary/eurostat/sgm_reg/ES","Spain","","ES","valid","2012-03-07"
"http://dd.eionet.europa.eu/vocabulary/eurostat/sgm_reg/ES11","Galicia","","ES11","valid","2012-03-07"
"http://dd.eionet.europa.eu/vocabulary/eurostat/sgm_reg/ES12","Principado de Asturias","","ES12","valid","2012-03-07"
"http://dd.eionet.europa.eu/vocabulary/eurostat/sgm_reg/ES13","Cantabria","","ES13","valid","2012-03-07"
"http://dd.eionet.europa.eu/vocabulary/eurostat/sgm_reg/ES21","Pais Vasco","","ES21","valid","2012-03-07"
"http://dd.eionet.europa.eu/vocabulary/eurostat/sgm_reg/ES22","Comunidad Foral de Navarra","","ES22","valid","2012-03-07"
"http://dd.eionet.europa.eu/vocabulary/eurostat/sgm_reg/ES23","La Rioja","","ES23","valid","2012-03-07"
"http://dd.eionet.europa.eu/vocabulary/eurostat/sgm_reg/ES24","Aragón","","ES24","valid","2012-03-07"
"http://dd.eionet.europa.eu/vocabulary/eurostat/sgm_reg/ES3","Comunidad de Madrid","","ES3","valid","2012-03-07"
"http://dd.eionet.europa.eu/vocabulary/eurostat/sgm_reg/ES41","Castilla y León","","ES41","valid","2012-03-07"
"http://dd.eionet.europa.eu/vocabulary/eurostat/sgm_reg/ES42","Castilla-La Mancha","","ES42","valid","2012-03-07"
"http://dd.eionet.europa.eu/vocabulary/eurostat/sgm_reg/ES43","Extremadura","","ES43","valid","2012-03-07"
"http://dd.eionet.europa.eu/vocabulary/eurostat/sgm_reg/ES51","Cataluña","","ES51","valid","2012-03-07"
"http://dd.eionet.europa.eu/vocabulary/eurostat/sgm_reg/ES52","Comunidad Valenciana","","ES52","valid","2012-03-07"
"http://dd.eionet.europa.eu/vocabulary/eurostat/sgm_reg/ES53","Baleares","","ES53","valid","2012-03-07"
"http://dd.eionet.europa.eu/vocabulary/eurostat/sgm_reg/ES61","Andalucia","","ES61","valid","2012-03-07"
"http://dd.eionet.europa.eu/vocabulary/eurostat/sgm_reg/ES62","Murcia","","ES62","valid","2012-03-07"
"http://dd.eionet.europa.eu/vocabulary/eurostat/sgm_reg/ES61_3","Andalucía, Ceuta y Melilla","","ES61_3","valid","2012-03-07"
"http://dd.eionet.europa.eu/vocabulary/eurostat/sgm_reg/ES7","Canarias","","ES7","valid","2012-03-07"
"http://dd.eionet.europa.eu/vocabulary/eurostat/sgm_reg/FR","France","","FR","valid","2012-03-07"
"http://dd.eionet.europa.eu/vocabulary/eurostat/sgm_reg/FR1","Île-de-France","","FR1","valid","2012-03-07"
"http://dd.eionet.europa.eu/vocabulary/eurostat/sgm_reg/FR21","Champagne-Ardenne","","FR21","valid","2012-03-07"
"http://dd.eionet.europa.eu/vocabulary/eurostat/sgm_reg/FR22","Picardie","","FR22","valid","2012-03-07"
"http://dd.eionet.europa.eu/vocabulary/eurostat/sgm_reg/FR23","Haute-Normandie","","FR23","valid","2012-03-07"
"http://dd.eionet.europa.eu/vocabulary/eurostat/sgm_reg/FR24","Centre","","FR24","valid","2012-03-07"
"http://dd.eionet.europa.eu/vocabulary/eurostat/sgm_reg/FR25","Basse-Normandie","","FR25","valid","2012-03-07"
"http://dd.eionet.europa.eu/vocabulary/eurostat/sgm_reg/FR26","Bourgogne","","FR26","valid","2012-03-07"
"http://dd.eionet.europa.eu/vocabulary/eurostat/sgm_reg/FR3","Nord-Pas-de-Calais","","FR3","valid","2012-03-07"
"http://dd.eionet.europa.eu/vocabulary/eurostat/sgm_reg/FR41","Lorraine","","FR41","valid","2012-03-07"
"http://dd.eionet.europa.eu/vocabulary/eurostat/sgm_reg/FR42","Alsace","","FR42","valid","2012-03-07"
"http://dd.eionet.europa.eu/vocabulary/eurostat/sgm_reg/FR43","Franche-Comté","","FR43","valid","2012-03-07"
"http://dd.eionet.europa.eu/vocabulary/eurostat/sgm_reg/FR51","Pays de la Loire","","FR51","valid","2012-03-07"
"http://dd.eionet.europa.eu/vocabulary/eurostat/sgm_reg/FR52","Bretagne","","FR52","valid","2012-03-07"
"http://dd.eionet.europa.eu/vocabulary/eurostat/sgm_reg/FR53","Poitou-Charentes","","FR53","valid","2012-03-07"
"http://dd.eionet.europa.eu/vocabulary/eurostat/sgm_reg/FR61","Aquitaine","","FR61","valid","2012-03-07"
"http://dd.eionet.europa.eu/vocabulary/eurostat/sgm_reg/FR62","Midi-Pyrénées","","FR62","valid","2012-03-07"
"http://dd.eionet.europa.eu/vocabulary/eurostat/sgm_reg/FR63","Limousin","","FR63","valid","2012-03-07"
"http://dd.eionet.europa.eu/vocabulary/eurostat/sgm_reg/FR71","Rhône-Alpes","","FR71","valid","2012-03-07"
"http://dd.eionet.europa.eu/vocabulary/eurostat/sgm_reg/FR72","Auvergne","","FR72","valid","2012-03-07"
"http://dd.eionet.europa.eu/vocabulary/eurostat/sgm_reg/FR81","Languedoc-Roussillon","","FR81","valid","2012-03-07"
"http://dd.eionet.europa.eu/vocabulary/eurostat/sgm_reg/FR82","Provence-Alpes-Côte d'Azur","","FR82","valid","2012-03-07"
"http://dd.eionet.europa.eu/vocabulary/eurostat/sgm_reg/FR83","Corse","","FR83","valid","2012-03-07"
"http://dd.eionet.europa.eu/vocabulary/eurostat/sgm_reg/FR91","Guadeloupe","","FR91","valid","2012-03-07"
"http://dd.eionet.europa.eu/vocabulary/eurostat/sgm_reg/FR92","Martinique","","FR92","valid","2012-03-07"
"http://dd.eionet.europa.eu/vocabulary/eurostat/sgm_reg/FR93","Guyane","","FR93","valid","2012-03-07"
"http://dd.eionet.europa.eu/vocabulary/eurostat/sgm_reg/FR94","Réunion","","FR94","valid","2012-03-07"
"http://dd.eionet.europa.eu/vocabulary/eurostat/sgm_reg/IT","Italy","","IT","valid","2012-03-07"
"http://dd.eionet.europa.eu/vocabulary/eurostat/sgm_reg/IT11","Piemonte","","IT11","valid","2012-03-07"
"http://dd.eionet.europa.eu/vocabulary/eurostat/sgm_reg/IT111_C","Torino Collina","","IT111_C","valid","2012-03-07"
"http://dd.eionet.europa.eu/vocabulary/eurostat/sgm_reg/IT111_M","Torino Montagna","","IT111_M","valid","2012-03-07"
"http://dd.eionet.europa.eu/vocabulary/eurostat/sgm_reg/IT111_P","Torino Pianura","","IT111_P","valid","2012-03-07"
"http://dd.eionet.europa.eu/vocabulary/eurostat/sgm_reg/IT112_3_C","Vercelli Collina","","IT112_3_C","valid","2012-03-07"
"http://dd.eionet.europa.eu/vocabulary/eurostat/sgm_reg/IT112_3_M","Vercelli Montagna","","IT112_3_M","valid","2012-03-07"
"http://dd.eionet.europa.eu/vocabulary/eurostat/sgm_reg/IT112_3_P","Vercelli Pianura","","IT112_3_P","valid","2012-03-07"
"http://dd.eionet.europa.eu/vocabulary/eurostat/sgm_reg/IT114_5_C","Novara Collina","","IT114_5_C","valid","2012-03-07"
"http://dd.eionet.europa.eu/vocabulary/eurostat/sgm_reg/IT114_5_M","Novara Montagna","","IT114_5_M","valid","2012-03-07"
"http://dd.eionet.europa.eu/vocabulary/eurostat/sgm_reg/IT114_5_P","Novara Pianura","","IT114_5_P","valid","2012-03-07"
"http://dd.eionet.europa.eu/vocabulary/eurostat/sgm_reg/IT116_C","Cuneo Collina","","IT116_C","valid","2012-03-07"
"http://dd.eionet.europa.eu/vocabulary/eurostat/sgm_reg/IT116_M","Cuneo Montagna","","IT116_M","valid","2012-03-07"
"http://dd.eionet.europa.eu/vocabulary/eurostat/sgm_reg/IT116_P","Cuneo Pianura","","IT116_P","valid","2012-03-07"
"http://dd.eionet.europa.eu/vocabulary/eurostat/sgm_reg/IT117_C","Asti Collina","","IT117_C","valid","2012-03-07"
"http://dd.eionet.europa.eu/vocabulary/eurostat/sgm_reg/IT117_P","Asti Pianura","","IT117_P","valid","2012-03-07"
"http://dd.eionet.europa.eu/vocabulary/eurostat/sgm_reg/IT118_C","Alessandria Collina","","IT118_C","valid","2012-03-07"
"http://dd.eionet.europa.eu/vocabulary/eurostat/sgm_reg/IT118_M","Alessandria Montagna","","IT118_M","valid","2012-03-07"
"http://dd.eionet.europa.eu/vocabulary/eurostat/sgm_reg/IT118_P","Alessandria Pianura","","IT118_P","valid","2012-03-07"
"http://dd.eionet.europa.eu/vocabulary/eurostat/sgm_reg/IT11_C","Piemonte Collina","","IT11_C","valid","2012-03-07"
"http://dd.eionet.europa.eu/vocabulary/eurostat/sgm_reg/IT11_M","Piemonte Montagna","","IT11_M","valid","2012-03-07"
"http://dd.eionet.europa.eu/vocabulary/eurostat/sgm_reg/IT11_P","Piemonte Pianura","","IT11_P","valid","2012-03-07"
"http://dd.eionet.europa.eu/vocabulary/eurostat/sgm_reg/IT12","Valle d'Aosta","","IT12","valid","2012-03-07"
"http://dd.eionet.europa.eu/vocabulary/eurostat/sgm_reg/IT12_M","Valle d'Aosta Montagna","","IT12_M","valid","2012-03-07"
"http://dd.eionet.europa.eu/vocabulary/eurostat/sgm_reg/IT13","Liguria","","IT13","valid","2012-03-07"
"http://dd.eionet.europa.eu/vocabulary/eurostat/sgm_reg/IT131_C","Imperia Collina","","IT131_C","valid","2012-03-07"
"http://dd.eionet.europa.eu/vocabulary/eurostat/sgm_reg/IT131_M","Imperia Montagna","","IT131_M","valid","2012-03-07"
"http://dd.eionet.europa.eu/vocabulary/eurostat/sgm_reg/IT132_C","Savona Collina","","IT132_C","valid","2012-03-07"
"http://dd.eionet.europa.eu/vocabulary/eurostat/sgm_reg/IT132_M","Savona Montagna","","IT132_M","valid","2012-03-07"
"http://dd.eionet.europa.eu/vocabulary/eurostat/sgm_reg/IT133_C","Genova Collina","","IT133_C","valid","2012-03-07"
"http://dd.eionet.europa.eu/vocabulary/eurostat/sgm_reg/IT133_M","Genova Montagna","","IT133_M","valid","2012-03-07"
"http://dd.eionet.europa.eu/vocabulary/eurostat/sgm_reg/IT134_C","La Spezia Collina","","IT134_C","valid","2012-03-07"
"http://dd.eionet.europa.eu/vocabulary/eurostat/sgm_reg/IT134_M","La Spezia Montagna","","IT134_M","valid","2012-03-07"
"http://dd.eionet.europa.eu/vocabulary/eurostat/sgm_reg/IT13_C","Liguria Collina","","IT13_C","valid","2012-03-07"
"http://dd.eionet.europa.eu/vocabulary/eurostat/sgm_reg/IT13_M","Liguria Montagna","","IT13_M","valid","2012-03-07"
"http://dd.eionet.europa.eu/vocabulary/eurostat/sgm_reg/IT2","Lombardia","","IT2","valid","2012-03-07"
"http://dd.eionet.europa.eu/vocabulary/eurostat/sgm_reg/IT201_C","Varese Collina","","IT201_C","valid","2012-03-07"
"http://dd.eionet.europa.eu/vocabulary/eurostat/sgm_reg/IT201_M","Varese Montagna","","IT201_M","valid","2012-03-07"
"http://dd.eionet.europa.eu/vocabulary/eurostat/sgm_reg/IT201_P","Varese Pianura","","IT201_P","valid","2012-03-07"
"http://dd.eionet.europa.eu/vocabulary/eurostat/sgm_reg/IT202_3_C","Como Collina","","IT202_3_C","valid","2012-03-07"
"http://dd.eionet.europa.eu/vocabulary/eurostat/sgm_reg/IT202_3_M","Como Montagna","","IT202_3_M","valid","2012-03-07"
"http://dd.eionet.europa.eu/vocabulary/eurostat/sgm_reg/IT202_3_P","Como Pianura","","IT202_3_P","valid","2012-03-07"
"http://dd.eionet.europa.eu/vocabulary/eurostat/sgm_reg/IT204_M","Sondrio Montagna","","IT204_M","valid","2012-03-07"
"http://dd.eionet.europa.eu/vocabulary/eurostat/sgm_reg/IT205_9_C","Milano Collina","","IT205_9_C","valid","2012-03-07"
"http://dd.eionet.europa.eu/vocabulary/eurostat/sgm_reg/IT205_9_P","Milano Pianura","","IT205_9_P","valid","2012-03-07"
"http://dd.eionet.europa.eu/vocabulary/eurostat/sgm_reg/IT206_C","Bergamo Collina","","IT206_C","valid","2012-03-07"
"http://dd.eionet.europa.eu/vocabulary/eurostat/sgm_reg/IT206_M","Bergamo Montagna","","IT206_M","valid","2012-03-07"
"http://dd.eionet.europa.eu/vocabulary/eurostat/sgm_reg/IT206_P","Bergamo Pianura","","IT206_P","valid","2012-03-07"
"http://dd.eionet.europa.eu/vocabulary/eurostat/sgm_reg/IT207_C","Brescia Collina","","IT207_C","valid","2012-03-07"
"http://dd.eionet.europa.eu/vocabulary/eurostat/sgm_reg/IT207_M","Brescia Montagna","","IT207_M","valid","2012-03-07"
"http://dd.eionet.europa.eu/vocabulary/eurostat/sgm_reg/IT207_P","Brescia Pianura","","IT207_P","valid","2012-03-07"
"http://dd.eionet.europa.eu/vocabulary/eurostat/sgm_reg/IT208_C","Pavia Collina","","IT208_C","valid","2012-03-07"
"http://dd.eionet.europa.eu/vocabulary/eurostat/sgm_reg/IT208_M","Pavia Montagna","","IT208_M","valid","2012-03-07"
"http://dd.eionet.europa.eu/vocabulary/eurostat/sgm_reg/IT208_P","Pavia Pianura","","IT208_P","valid","2012-03-07"
"http://dd.eionet.europa.eu/vocabulary/eurostat/sgm_reg/IT20A_P","Cremona Pianura","","IT20A_P","valid","2012-03-07"
"http://dd.eionet.europa.eu/vocabulary/eurostat/sgm_reg/IT20B_C","Mantova Collina","","IT20B_C","valid","2012-03-07"
"http://dd.eionet.europa.eu/vocabulary/eurostat/sgm_reg/IT20B_P","Mantova Pianura","","IT20B_P","valid","2012-03-07"
"http://dd.eionet.europa.eu/vocabulary/eurostat/sgm_reg/IT2_C","Lombardia Collina","","IT2_C","valid","2012-03-07"
"http://dd.eionet.europa.eu/vocabulary/eurostat/sgm_reg/IT2_M","Lombardia Montagna","","IT2_M","valid","2012-03-07"
"http://dd.eionet.europa.eu/vocabulary/eurostat/sgm_reg/IT2_P","Lombardia Pianura","","IT2_P","valid","2012-03-07"
"http://dd.eionet.europa.eu/vocabulary/eurostat/sgm_reg/IT311","Alto Adige","","IT311","valid","2012-03-07"
"http://dd.eionet.europa.eu/vocabulary/eurostat/sgm_reg/IT311_M","Bolzano-Bozen Montagna","","IT311_M","valid","2012-03-07"
"http://dd.eionet.europa.eu/vocabulary/eurostat/sgm_reg/IT312","Trentino","","IT312","valid","2012-03-07"
"http://dd.eionet.europa.eu/vocabulary/eurostat/sgm_reg/IT312_M","Trento Montagna","","IT312_M","valid","2012-03-07"
"http://dd.eionet.europa.eu/vocabulary/eurostat/sgm_reg/IT32","Veneto","","IT32","valid","2012-03-07"
"http://dd.eionet.europa.eu/vocabulary/eurostat/sgm_reg/IT321_C","Verona Collina","","IT321_C","valid","2012-03-07"
"http://dd.eionet.europa.eu/vocabulary/eurostat/sgm_reg/IT321_M","Verona Montagna","","IT321_M","valid","2012-03-07"
"http://dd.eionet.europa.eu/vocabulary/eurostat/sgm_reg/IT321_P","Verona Pianura","","IT321_P","valid","2012-03-07"
"http://dd.eionet.europa.eu/vocabulary/eurostat/sgm_reg/IT322_C","Vicenza Collina","","IT322_C","valid","2012-03-07"
"http://dd.eionet.europa.eu/vocabulary/eurostat/sgm_reg/IT322_M","Vicenza Montagna","","IT322_M","valid","2012-03-07"
"http://dd.eionet.europa.eu/vocabulary/eurostat/sgm_reg/IT322_P","Vicenza Pianura","","IT322_P","valid","2012-03-07"
"http://dd.eionet.europa.eu/vocabulary/eurostat/sgm_reg/IT323_M","Belluno Montagna","","IT323_M","valid","2012-03-07"
"http://dd.eionet.europa.eu/vocabulary/eurostat/sgm_reg/IT324_C","Treviso Collina","","IT324_C","valid","2012-03-07"
"http://dd.eionet.europa.eu/vocabulary/eurostat/sgm_reg/IT324_P","Treviso Pianura","","IT324_P","valid","2012-03-07"
"http://dd.eionet.europa.eu/vocabulary/eurostat/sgm_reg/IT325_P","Venezia Pianura","","IT325_P","valid","2012-03-07"
"http://dd.eionet.europa.eu/vocabulary/eurostat/sgm_reg/IT326_C","Padova Collina","","IT326_C","valid","2012-03-07"
"http://dd.eionet.europa.eu/vocabulary/eurostat/sgm_reg/IT326_P","Padova Pianura","","IT326_P","valid","2012-03-07"
"http://dd.eionet.europa.eu/vocabulary/eurostat/sgm_reg/IT327_P","Rovigo Pianura","","IT327_P","valid","2012-03-07"
"http://dd.eionet.europa.eu/vocabulary/eurostat/sgm_reg/IT32_C","Veneto Collina","","IT32_C","valid","2012-03-07"
"http://dd.eionet.europa.eu/vocabulary/eurostat/sgm_reg/IT32_M","Veneto Montagna","","IT32_M","valid","2012-03-07"
"http://dd.eionet.europa.eu/vocabulary/eurostat/sgm_reg/IT32_P","Veneto Pianura","","IT32_P","valid","2012-03-07"
"http://dd.eionet.europa.eu/vocabulary/eurostat/sgm_reg/IT33","Friuli-Venezia Giulia","","IT33","valid","2012-03-07"
"http://dd.eionet.europa.eu/vocabulary/eurostat/sgm_reg/IT331_C","Pordenone Collina","","IT331_C","valid","2012-03-07"
"http://dd.eionet.europa.eu/vocabulary/eurostat/sgm_reg/IT331_M","Pordenone Montagna","","IT331_M","valid","2012-03-07"
"http://dd.eionet.europa.eu/vocabulary/eurostat/sgm_reg/IT331_P","Pordenone Pianura","","IT331_P","valid","2012-03-07"
"http://dd.eionet.europa.eu/vocabulary/eurostat/sgm_reg/IT332_C","Udine Collina","","IT332_C","valid","2012-03-07"
"http://dd.eionet.europa.eu/vocabulary/eurostat/sgm_reg/IT332_M","Udine Montagna","","IT332_M","valid","2012-03-07"
"http://dd.eionet.europa.eu/vocabulary/eurostat/sgm_reg/IT332_P","Udine Pianura","","IT332_P","valid","2012-03-07"
"http://dd.eionet.europa.eu/vocabulary/eurostat/sgm_reg/IT333_C","Gorizia Collina","","IT333_C","valid","2012-03-07"
"http://dd.eionet.europa.eu/vocabulary/eurostat/sgm_reg/IT333_P","Gorizia Pianura","","IT333_P","valid","2012-03-07"
"http://dd.eionet.europa.eu/vocabulary/eurostat/sgm_reg/IT334_C","Trieste Collina","","IT334_C","valid","2012-03-07"
"http://dd.eionet.europa.eu/vocabulary/eurostat/sgm_reg/IT33_C","Friuli-Venezia Giulia Collina","","IT33_C","valid","2012-03-07"
"http://dd.eionet.europa.eu/vocabulary/eurostat/sgm_reg/IT33_M","Friuli-Venezia Giulia Montagna","","IT33_M","valid","2012-03-07"
"http://dd.eionet.europa.eu/vocabulary/eurostat/sgm_reg/IT33_P","Friuli-Venezia Giulia Pianura","","IT33_P","valid","2012-03-07"
"http://dd.eionet.europa.eu/vocabulary/eurostat/sgm_reg/IT4","Emilia-Romagna","","IT4","valid","2012-03-07"
"http://dd.eionet.europa.eu/vocabulary/eurostat/sgm_reg/IT401_C","Piacenza Collina","","IT401_C","valid","2012-03-07"
"http://dd.eionet.europa.eu/vocabulary/eurostat/sgm_reg/IT401_M","Piacenza Montagna","","IT401_M","valid","2012-03-07"
"http://dd.eionet.europa.eu/vocabulary/eurostat/sgm_reg/IT401_P","Piacenza Pianura","","IT401_P","valid","2012-03-07"
"http://dd.eionet.europa.eu/vocabulary/eurostat/sgm_reg/IT402_C","Parma Collina","","IT402_C","valid","2012-03-07"
"http://dd.eionet.europa.eu/vocabulary/eurostat/sgm_reg/IT402_M","Parma Montagna","","IT402_M","valid","2012-03-07"
"http://dd.eionet.europa.eu/vocabulary/eurostat/sgm_reg/IT402_P","Parma Pianura","","IT402_P","valid","2012-03-07"
"http://dd.eionet.europa.eu/vocabulary/eurostat/sgm_reg/IT403_C","Reggio nell'Emilia Collina","","IT403_C","valid","2012-03-07"
"http://dd.eionet.europa.eu/vocabulary/eurostat/sgm_reg/IT403_M","Reggio nell'Emilia Montagna","","IT403_M","valid","2012-03-07"
"http://dd.eionet.europa.eu/vocabulary/eurostat/sgm_reg/IT403_P","Reggio nell'Emilia Pianura","","IT403_P","valid","2012-03-07"
"http://dd.eionet.europa.eu/vocabulary/eurostat/sgm_reg/IT404_C","Modena Collina","","IT404_C","valid","2012-03-07"
"http://dd.eionet.europa.eu/vocabulary/eurostat/sgm_reg/IT404_M","Modena Montagna","","IT404_M","valid","2012-03-07"
"http://dd.eionet.europa.eu/vocabulary/eurostat/sgm_reg/IT404_P","Modena Pianura","","IT404_P","valid","2012-03-07"
"http://dd.eionet.europa.eu/vocabulary/eurostat/sgm_reg/IT405_C","Bologna Collina","","IT405_C","valid","2012-03-07"
"http://dd.eionet.europa.eu/vocabulary/eurostat/sgm_reg/IT405_M","Bologna Montagna","","IT405_M","valid","2012-03-07"
"http://dd.eionet.europa.eu/vocabulary/eurostat/sgm_reg/IT405_P","Bologna Pianura","","IT405_P","valid","2012-03-07"
"http://dd.eionet.europa.eu/vocabulary/eurostat/sgm_reg/IT406_P","Ferrara Pianura","","IT406_P","valid","2012-03-07"
"http://dd.eionet.europa.eu/vocabulary/eurostat/sgm_reg/IT407_C","Ravenna Collina","","IT407_C","valid","2012-03-07"
"http://dd.eionet.europa.eu/vocabulary/eurostat/sgm_reg/IT407_P","Ravenna Pianura","","IT407_P","valid","2012-03-07"
"http://dd.eionet.europa.eu/vocabulary/eurostat/sgm_reg/IT408_9_C","Forlì Collina","","IT408_9_C","valid","2012-03-07"
"http://dd.eionet.europa.eu/vocabulary/eurostat/sgm_reg/IT408_9_M","Forlì Montagna","","IT408_9_M","valid","2012-03-07"
"http://dd.eionet.europa.eu/vocabulary/eurostat/sgm_reg/IT408_9_P","Forlì Pianura","","IT408_9_P","valid","2012-03-07"
"http://dd.eionet.europa.eu/vocabulary/eurostat/sgm_reg/IT4_C","Emilia Romagna Collina","","IT4_C","valid","2012-03-07"
"http://dd.eionet.europa.eu/vocabulary/eurostat/sgm_reg/IT4_M","Emilia Romagna Montagna","","IT4_M","valid","2012-03-07"
"http://dd.eionet.europa.eu/vocabulary/eurostat/sgm_reg/IT4_P","Emilia Romagna Pianura","","IT4_P","valid","2012-03-07"
"http://dd.eionet.europa.eu/vocabulary/eurostat/sgm_reg/IT51","Toscana","","IT51","valid","2012-03-07"
"http://dd.eionet.europa.eu/vocabulary/eurostat/sgm_reg/IT511_C","Massa-Carrara Collina","","IT511_C","valid","2012-03-07"
"http://dd.eionet.europa.eu/vocabulary/eurostat/sgm_reg/IT511_M","Massa-Carrara Montagna","","IT511_M","valid","2012-03-07"
"http://dd.eionet.europa.eu/vocabulary/eurostat/sgm_reg/IT512_M","Lucca Montagna","","IT512_M","valid","2012-03-07"
"http://dd.eionet.europa.eu/vocabulary/eurostat/sgm_reg/IT512_P","Lucca Pianura","","IT512_P","valid","2012-03-07"
"http://dd.eionet.europa.eu/vocabulary/eurostat/sgm_reg/IT513_C","Pistoia Collina","","IT513_C","valid","2012-03-07"
"http://dd.eionet.europa.eu/vocabulary/eurostat/sgm_reg/IT513_M","Pistoia Montagna","","IT513_M","valid","2012-03-07"
"http://dd.eionet.europa.eu/vocabulary/eurostat/sgm_reg/IT514_5_C","Firenze Collina","","IT514_5_C","valid","2012-03-07"
"http://dd.eionet.europa.eu/vocabulary/eurostat/sgm_reg/IT514_5_M","Firenze Montagna","","IT514_5_M","valid","2012-03-07"
"http://dd.eionet.europa.eu/vocabulary/eurostat/sgm_reg/IT514_5_P","Firenze Pianura","","IT514_5_P","valid","2012-03-07"
"http://dd.eionet.europa.eu/vocabulary/eurostat/sgm_reg/IT516_C","Livorno Collina","","IT516_C","valid","2012-03-07"
"http://dd.eionet.europa.eu/vocabulary/eurostat/sgm_reg/IT517_C","Pisa Collina","","IT517_C","valid","2012-03-07"
"http://dd.eionet.europa.eu/vocabulary/eurostat/sgm_reg/IT517_P","Pisa Pianura","","IT517_P","valid","2012-03-07"
"http://dd.eionet.europa.eu/vocabulary/eurostat/sgm_reg/IT518_C","Arezzo Collina","","IT518_C","valid","2012-03-07"
"http://dd.eionet.europa.eu/vocabulary/eurostat/sgm_reg/IT518_M","Arezzo Montagna","","IT518_M","valid","2012-03-07"
"http://dd.eionet.europa.eu/vocabulary/eurostat/sgm_reg/IT519_C","Siena Collina","","IT519_C","valid","2012-03-07"
"http://dd.eionet.europa.eu/vocabulary/eurostat/sgm_reg/IT519_M","Siena Montagna","","IT519_M","valid","2012-03-07"
"http://dd.eionet.europa.eu/vocabulary/eurostat/sgm_reg/IT51A_C","Grosseto Collina","","IT51A_C","valid","2012-03-07"
"http://dd.eionet.europa.eu/vocabulary/eurostat/sgm_reg/IT51A_M","Grosseto Montagna","","IT51A_M","valid","2012-03-07"
"http://dd.eionet.europa.eu/vocabulary/eurostat/sgm_reg/IT51A_P","Grosseto Pianura","","IT51A_P","valid","2012-03-07"
"http://dd.eionet.europa.eu/vocabulary/eurostat/sgm_reg/IT51_C","Toscana Collina","","IT51_C","valid","2012-03-07"
"http://dd.eionet.europa.eu/vocabulary/eurostat/sgm_reg/IT51_M","Toscana Montagna","","IT51_M","valid","2012-03-07"
"http://dd.eionet.europa.eu/vocabulary/eurostat/sgm_reg/IT51_P","Toscana Pianura","","IT51_P","valid","2012-03-07"
"http://dd.eionet.europa.eu/vocabulary/eurostat/sgm_reg/IT52","Umbria","","IT52","valid","2012-03-07"
"http://dd.eionet.europa.eu/vocabulary/eurostat/sgm_reg/IT521_C","Perugia Collina","","IT521_C","valid","2012-03-07"
"http://dd.eionet.europa.eu/vocabulary/eurostat/sgm_reg/IT521_M","Perugia Montagna","","IT521_M","valid","2012-03-07"
"http://dd.eionet.europa.eu/vocabulary/eurostat/sgm_reg/IT522_C","Terni Collina","","IT522_C","valid","2012-03-07"
"http://dd.eionet.europa.eu/vocabulary/eurostat/sgm_reg/IT522_M","Terni Montagna","","IT522_M","valid","2012-03-07"
"http://dd.eionet.europa.eu/vocabulary/eurostat/sgm_reg/IT52_C","Umbria Collina","","IT52_C","valid","2012-03-07"
"http://dd.eionet.europa.eu/vocabulary/eurostat/sgm_reg/IT52_M","Umbria Montagna","","IT52_M","valid","2012-03-07"
"http://dd.eionet.europa.eu/vocabulary/eurostat/sgm_reg/IT53","Marche","","IT53","valid","2012-03-07"
"http://dd.eionet.europa.eu/vocabulary/eurostat/sgm_reg/IT531_C","Pesaro e Urbino Collina","","IT531_C","valid","2012-03-07"
"http://dd.eionet.europa.eu/vocabulary/eurostat/sgm_reg/IT531_M","Pesaro e Urbino Montagna","","IT531_M","valid","2012-03-07"
"http://dd.eionet.europa.eu/vocabulary/eurostat/sgm_reg/IT532_C","Ancona Collina","","IT532_C","valid","2012-03-07"
"http://dd.eionet.europa.eu/vocabulary/eurostat/sgm_reg/IT532_M","Ancona Montagna","","IT532_M","valid","2012-03-07"
"http://dd.eionet.europa.eu/vocabulary/eurostat/sgm_reg/IT533_C","Macerata Collina","","IT533_C","valid","2012-03-07"
"http://dd.eionet.europa.eu/vocabulary/eurostat/sgm_reg/IT533_M","Macerata Montagna","","IT533_M","valid","2012-03-07"
"http://dd.eionet.europa.eu/vocabulary/eurostat/sgm_reg/IT534_C","Ascoli Piceno Collina","","IT534_C","valid","2012-03-07"
"http://dd.eionet.europa.eu/vocabulary/eurostat/sgm_reg/IT534_M","Ascoli Piceno Montagna","","IT534_M","valid","2012-03-07"
"http://dd.eionet.europa.eu/vocabulary/eurostat/sgm_reg/IT53_C","Marche Collina","","IT53_C","valid","2012-03-07"
"http://dd.eionet.europa.eu/vocabulary/eurostat/sgm_reg/IT53_M","Marche Montagna","","IT53_M","valid","2012-03-07"
"http://dd.eionet.europa.eu/vocabulary/eurostat/sgm_reg/IT6","Lazio","","IT6","valid","2012-03-07"
"http://dd.eionet.europa.eu/vocabulary/eurostat/sgm_reg/IT601_C","Viterbo Collina","","IT601_C","valid","2012-03-07"
"http://dd.eionet.europa.eu/vocabulary/eurostat/sgm_reg/IT601_P","Viterbo Pianura","","IT601_P","valid","2012-03-07"
"http://dd.eionet.europa.eu/vocabulary/eurostat/sgm_reg/IT602_C","Rieti Collina","","IT602_C","valid","2012-03-07"
"http://dd.eionet.europa.eu/vocabulary/eurostat/sgm_reg/IT602_M","Rieti Montagna","","IT602_M","valid","2012-03-07"
"http://dd.eionet.europa.eu/vocabulary/eurostat/sgm_reg/IT603_C","Roma Collina","","IT603_C","valid","2012-03-07"
"http://dd.eionet.europa.eu/vocabulary/eurostat/sgm_reg/IT603_M","Roma Montagna","","IT603_M","valid","2012-03-07"
"http://dd.eionet.europa.eu/vocabulary/eurostat/sgm_reg/IT603_P","Roma Pianura","","IT603_P","valid","2012-03-07"
"http://dd.eionet.europa.eu/vocabulary/eurostat/sgm_reg/IT604_C","Latina Collina","","IT604_C","valid","2012-03-07"
"http://dd.eionet.europa.eu/vocabulary/eurostat/sgm_reg/IT604_M","Latina Montagna","","IT604_M","valid","2012-03-07"
"http://dd.eionet.europa.eu/vocabulary/eurostat/sgm_reg/IT604_P","Latina Pianura","","IT604_P","valid","2012-03-07"
"http://dd.eionet.europa.eu/vocabulary/eurostat/sgm_reg/IT605_C","Frosinone Collina","","IT605_C","valid","2012-03-07"
"http://dd.eionet.europa.eu/vocabulary/eurostat/sgm_reg/IT605_M","Frosinone Montagna","","IT605_M","valid","2012-03-07"
"http://dd.eionet.europa.eu/vocabulary/eurostat/sgm_reg/IT6_C","Lazio Collina","","IT6_C","valid","2012-03-07"
"http://dd.eionet.europa.eu/vocabulary/eurostat/sgm_reg/IT6_M","Lazio Montagna","","IT6_M","valid","2012-03-07"
"http://dd.eionet.europa.eu/vocabulary/eurostat/sgm_reg/IT6_P","Lazio Pianura","","IT6_P","valid","2012-03-07"
"http://dd.eionet.europa.eu/vocabulary/eurostat/sgm_reg/IT71","Abruzzo","","IT71","valid","2012-03-07"
"http://dd.eionet.europa.eu/vocabulary/eurostat/sgm_reg/IT711_M","L'Aquila Montagna","","IT711_M","valid","2012-03-07"
"http://dd.eionet.europa.eu/vocabulary/eurostat/sgm_reg/IT712_C","Teramo Collina","","IT712_C","valid","2012-03-07"
"http://dd.eionet.europa.eu/vocabulary/eurostat/sgm_reg/IT712_M","Teramo Montagna","","IT712_M","valid","2012-03-07"
"http://dd.eionet.europa.eu/vocabulary/eurostat/sgm_reg/IT713_C","Pescara Collina","","IT713_C","valid","2012-03-07"
"http://dd.eionet.europa.eu/vocabulary/eurostat/sgm_reg/IT713_M","Pescara Montagna","","IT713_M","valid","2012-03-07"
"http://dd.eionet.europa.eu/vocabulary/eurostat/sgm_reg/IT714_C","Chieti Collina","","IT714_C","valid","2012-03-07"
"http://dd.eionet.europa.eu/vocabulary/eurostat/sgm_reg/IT714_M","Chieti Montagna","","IT714_M","valid","2012-03-07"
"http://dd.eionet.europa.eu/vocabulary/eurostat/sgm_reg/IT71_C","Abruzzi Collina","","IT71_C","valid","2012-03-07"
"http://dd.eionet.europa.eu/vocabulary/eurostat/sgm_reg/IT71_M","Abruzzi Montagna","","IT71_M","valid","2012-03-07"
"http://dd.eionet.europa.eu/vocabulary/eurostat/sgm_reg/IT72","Molise","","IT72","valid","2012-03-07"
"http://dd.eionet.europa.eu/vocabulary/eurostat/sgm_reg/IT721_C","Isernia Collina","","IT721_C","valid","2012-03-07"
"http://dd.eionet.europa.eu/vocabulary/eurostat/sgm_reg/IT721_M","Isernia Montagna","","IT721_M","valid","2012-03-07"
"http://dd.eionet.europa.eu/vocabulary/eurostat/sgm_reg/IT722_C","Campobasso Collina","","IT722_C","valid","2012-03-07"
"http://dd.eionet.europa.eu/vocabulary/eurostat/sgm_reg/IT722_M","Campobasso Montagna","","IT722_M","valid","2012-03-07"
"http://dd.eionet.europa.eu/vocabulary/eurostat/sgm_reg/IT72_C","Molise Collina","","IT72_C","valid","2012-03-07"
"http://dd.eionet.europa.eu/vocabulary/eurostat/sgm_reg/IT72_M","Molise Montagna","","IT72_M","valid","2012-03-07"
"http://dd.eionet.europa.eu/vocabulary/eurostat/sgm_reg/IT8","Campania","","IT8","valid","2012-03-07"
"http://dd.eionet.europa.eu/vocabulary/eurostat/sgm_reg/IT801_C","Caserta Collina","","IT801_C","valid","2012-03-07"
"http://dd.eionet.europa.eu/vocabulary/eurostat/sgm_reg/IT801_M","Caserta Montagna","","IT801_M","valid","2012-03-07"
"http://dd.eionet.europa.eu/vocabulary/eurostat/sgm_reg/IT801_P","Caserta Pianura","","IT801_P","valid","2012-03-07"
"http://dd.eionet.europa.eu/vocabulary/eurostat/sgm_reg/IT802_C","Benevento Collina","","IT802_C","valid","2012-03-07"
"http://dd.eionet.europa.eu/vocabulary/eurostat/sgm_reg/IT802_M","Benevento Montagna","","IT802_M","valid","2012-03-07"
"http://dd.eionet.europa.eu/vocabulary/eurostat/sgm_reg/IT803_C","Napoli Collina","","IT803_C","valid","2012-03-07"
"http://dd.eionet.europa.eu/vocabulary/eurostat/sgm_reg/IT803_P","Napoli Pianura","","IT803_P","valid","2012-03-07"
"http://dd.eionet.europa.eu/vocabulary/eurostat/sgm_reg/IT804_C","Avellino Collina","","IT804_C","valid","2012-03-07"
"http://dd.eionet.europa.eu/vocabulary/eurostat/sgm_reg/IT804_M","Avellino Montagna","","IT804_M","valid","2012-03-07"
"http://dd.eionet.europa.eu/vocabulary/eurostat/sgm_reg/IT805_C","Salerno Collina","","IT805_C","valid","2012-03-07"
"http://dd.eionet.europa.eu/vocabulary/eurostat/sgm_reg/IT805_M","Salerno Montagna","","IT805_M","valid","2012-03-07"
"http://dd.eionet.europa.eu/vocabulary/eurostat/sgm_reg/IT805_P","Salerno Pianura","","IT805_P","valid","2012-03-07"
"http://dd.eionet.europa.eu/vocabulary/eurostat/sgm_reg/IT8_C","Campania Collina","","IT8_C","valid","2012-03-07"
"http://dd.eionet.europa.eu/vocabulary/eurostat/sgm_reg/IT8_M","Campania Montagna","","IT8_M","valid","2012-03-07"
"http://dd.eionet.europa.eu/vocabulary/eurostat/sgm_reg/IT8_P","Campania Pianura","","IT8_P","valid","2012-03-07"
"http://dd.eionet.europa.eu/vocabulary/eurostat/sgm_reg/IT91","Puglia","","IT91","valid","2012-03-07"
"http://dd.eionet.europa.eu/vocabulary/eurostat/sgm_reg/IT911_C","Foggia Collina","","IT911_C","valid","2012-03-07"
"http://dd.eionet.europa.eu/vocabulary/eurostat/sgm_reg/IT911_M","Foggia Montagna","","IT911_M","valid","2012-03-07"
"http://dd.eionet.europa.eu/vocabulary/eurostat/sgm_reg/IT911_P","Foggia Pianura","","IT911_P","valid","2012-03-07"
"http://dd.eionet.europa.eu/vocabulary/eurostat/sgm_reg/IT912_C","Bari Collina","","IT912_C","valid","2012-03-07"
"http://dd.eionet.europa.eu/vocabulary/eurostat/sgm_reg/IT912_P","Bari Pianura","","IT912_P","valid","2012-03-07"
"http://dd.eionet.europa.eu/vocabulary/eurostat/sgm_reg/IT913_C","Taranto Collina","","IT913_C","valid","2012-03-07"
"http://dd.eionet.europa.eu/vocabulary/eurostat/sgm_reg/IT913_P","Taranto Pianura","","IT913_P","valid","2012-03-07"
"http://dd.eionet.europa.eu/vocabulary/eurostat/sgm_reg/IT914_C","Brindisi Collina","","IT914_C","valid","2012-03-07"
"http://dd.eionet.europa.eu/vocabulary/eurostat/sgm_reg/IT914_P","Brindisi Pianura","","IT914_P","valid","2012-03-07"
"http://dd.eionet.europa.eu/vocabulary/eurostat/sgm_reg/IT915_P","Lecce Pianura","","IT915_P","valid","2012-03-07"
"http://dd.eionet.europa.eu/vocabulary/eurostat/sgm_reg/IT91_C","Puglia Collina","","IT91_C","valid","2012-03-07"
"http://dd.eionet.europa.eu/vocabulary/eurostat/sgm_reg/IT91_M","Puglia Montagna","","IT91_M","valid","2012-03-07"
"http://dd.eionet.europa.eu/vocabulary/eurostat/sgm_reg/IT91_P","Puglia Pianura","","IT91_P","valid","2012-03-07"
"http://dd.eionet.europa.eu/vocabulary/eurostat/sgm_reg/IT92","Basilicata","","IT92","valid","2012-03-07"
"http://dd.eionet.europa.eu/vocabulary/eurostat/sgm_reg/IT921_C","Potenza Collina","","IT921_C","valid","2012-03-07"
"http://dd.eionet.europa.eu/vocabulary/eurostat/sgm_reg/IT921_M","Potenza Montagna","","IT921_M","valid","2012-03-07"
"http://dd.eionet.europa.eu/vocabulary/eurostat/sgm_reg/IT922_C","Matera Collina","","IT922_C","valid","2012-03-07"
"http://dd.eionet.europa.eu/vocabulary/eurostat/sgm_reg/IT922_M","Matera Montagna","","IT922_M","valid","2012-03-07"
"http://dd.eionet.europa.eu/vocabulary/eurostat/sgm_reg/IT922_P","Matera Pianura","","IT922_P","valid","2012-03-07"
"http://dd.eionet.europa.eu/vocabulary/eurostat/sgm_reg/IT92_C","Basilicata Collina","","IT92_C","valid","2012-03-07"
"http://dd.eionet.europa.eu/vocabulary/eurostat/sgm_reg/IT92_M","Basilicata Montagna","","IT92_M","valid","2012-03-07"
"http://dd.eionet.europa.eu/vocabulary/eurostat/sgm_reg/IT92_P","Basilicata Pianura","","IT92_P","valid","2012-03-07"
"http://dd.eionet.europa.eu/vocabulary/eurostat/sgm_reg/IT93","Calabria","","IT93","valid","2012-03-07"
"http://dd.eionet.europa.eu/vocabulary/eurostat/sgm_reg/IT931_C","Cosenza Collina","","IT931_C","valid","2012-03-07"
"http://dd.eionet.europa.eu/vocabulary/eurostat/sgm_reg/IT931_M","Cosenza Montagna","","IT931_M","valid","2012-03-07"
"http://dd.eionet.europa.eu/vocabulary/eurostat/sgm_reg/IT931_P","Cosenza Pianura","","IT931_P","valid","2012-03-07"
"http://dd.eionet.europa.eu/vocabulary/eurostat/sgm_reg/IT932_3_4_C","Catanzaro Collina","","IT932_3_4_C","valid","2012-03-07"
"http://dd.eionet.europa.eu/vocabulary/eurostat/sgm_reg/IT932_3_4_M","Catanzaro Montagna","","IT932_3_4_M","valid","2012-03-07"
"http://dd.eionet.europa.eu/vocabulary/eurostat/sgm_reg/IT932_3_4_P","Catanzaro Pianura","","IT932_3_4_P","valid","2012-03-07"
"http://dd.eionet.europa.eu/vocabulary/eurostat/sgm_reg/IT935_C","Reggio di Calabria Collina","","IT935_C","valid","2012-03-07"
"http://dd.eionet.europa.eu/vocabulary/eurostat/sgm_reg/IT935_M","Reggio di Calabria Montagna","","IT935_M","valid","2012-03-07"
"http://dd.eionet.europa.eu/vocabulary/eurostat/sgm_reg/IT935_P","Reggio di Calabria Pianura","","IT935_P","valid","2012-03-07"
"http://dd.eionet.europa.eu/vocabulary/eurostat/sgm_reg/IT93_C","Calabria Collina","","IT93_C","valid","2012-03-07"
"http://dd.eionet.europa.eu/vocabulary/eurostat/sgm_reg/IT93_M","Calabria Montagna","","IT93_M","valid","2012-03-07"
"http://dd.eionet.europa.eu/vocabulary/eurostat/sgm_reg/IT93_P","Calabria Pianura","","IT93_P","valid","2012-03-07"
"http://dd.eionet.europa.eu/vocabulary/eurostat/sgm_reg/ITA","Sicilia","","ITA","valid","2012-03-07"
"http://dd.eionet.europa.eu/vocabulary/eurostat/sgm_reg/ITA01_C","Trapani Collina","","ITA01_C","valid","2012-03-07"
"http://dd.eionet.europa.eu/vocabulary/eurostat/sgm_reg/ITA01_P","Trapani Pianura","","ITA01_P","valid","2012-03-07"
"http://dd.eionet.europa.eu/vocabulary/eurostat/sgm_reg/ITA02_C","Palermo Collina","","ITA02_C","valid","2012-03-07"
"http://dd.eionet.europa.eu/vocabulary/eurostat/sgm_reg/ITA02_M","Palermo Montagna","","ITA02_M","valid","2012-03-07"
"http://dd.eionet.europa.eu/vocabulary/eurostat/sgm_reg/ITA02_P","Palermo Pianura","","ITA02_P","valid","2012-03-07"
"http://dd.eionet.europa.eu/vocabulary/eurostat/sgm_reg/ITA03_C","Messina Collina","","ITA03_C","valid","2012-03-07"
"http://dd.eionet.europa.eu/vocabulary/eurostat/sgm_reg/ITA03_M","Messina Montagna","","ITA03_M","valid","2012-03-07"
"http://dd.eionet.europa.eu/vocabulary/eurostat/sgm_reg/ITA04_C","Agrigento Collina","","ITA04_C","valid","2012-03-07"
"http://dd.eionet.europa.eu/vocabulary/eurostat/sgm_reg/ITA04_M","Agrigento Montagna","","ITA04_M","valid","2012-03-07"
"http://dd.eionet.europa.eu/vocabulary/eurostat/sgm_reg/ITA04_P","Agrigento Pianura","","ITA04_P","valid","2012-03-07"
"http://dd.eionet.europa.eu/vocabulary/eurostat/sgm_reg/ITA05_C","Caltanissetta Collina","","ITA05_C","valid","2012-03-07"
"http://dd.eionet.europa.eu/vocabulary/eurostat/sgm_reg/ITA05_P","Caltanissetta Pianura","","ITA05_P","valid","2012-03-07"
"http://dd.eionet.europa.eu/vocabulary/eurostat/sgm_reg/ITA06_C","Enna Collina","","ITA06_C","valid","2012-03-07"
"http://dd.eionet.europa.eu/vocabulary/eurostat/sgm_reg/ITA06_M","Enna Montagna","","ITA06_M","valid","2012-03-07"
"http://dd.eionet.europa.eu/vocabulary/eurostat/sgm_reg/ITA07_C","Catania Collina","","ITA07_C","valid","2012-03-07"
"http://dd.eionet.europa.eu/vocabulary/eurostat/sgm_reg/ITA07_M","Catania Montagna","","ITA07_M","valid","2012-03-07"
"http://dd.eionet.europa.eu/vocabulary/eurostat/sgm_reg/ITA07_P","Catania Pianura","","ITA07_P","valid","2012-03-07"
"http://dd.eionet.europa.eu/vocabulary/eurostat/sgm_reg/ITA08_C","Ragusa Collina","","ITA08_C","valid","2012-03-07"
"http://dd.eionet.europa.eu/vocabulary/eurostat/sgm_reg/ITA08_P","Ragusa Pianura","","ITA08_P","valid","2012-03-07"
"http://dd.eionet.europa.eu/vocabulary/eurostat/sgm_reg/ITA09_C","Siracusa Collina","","ITA09_C","valid","2012-03-07"
"http://dd.eionet.europa.eu/vocabulary/eurostat/sgm_reg/ITA09_P","Siracusa Pianura","","ITA09_P","valid","2012-03-07"
"http://dd.eionet.europa.eu/vocabulary/eurostat/sgm_reg/ITA_C","Sicilia Collina","","ITA_C","valid","2012-03-07"
"http://dd.eionet.europa.eu/vocabulary/eurostat/sgm_reg/ITA_M","Sicilia Montagna","","ITA_M","valid","2012-03-07"
"http://dd.eionet.europa.eu/vocabulary/eurostat/sgm_reg/ITA_P","Sicilia Pianura","","ITA_P","valid","2012-03-07"
"http://dd.eionet.europa.eu/vocabulary/eurostat/sgm_reg/ITB","Sardegna","","ITB","valid","2012-03-07"
"http://dd.eionet.europa.eu/vocabulary/eurostat/sgm_reg/ITB01_C","Sassari Collina","","ITB01_C","valid","2012-03-07"
"http://dd.eionet.europa.eu/vocabulary/eurostat/sgm_reg/ITB01_M","Sassari Montagna","","ITB01_M","valid","2012-03-07"
"http://dd.eionet.europa.eu/vocabulary/eurostat/sgm_reg/ITB01_P","Sassari Pianura","","ITB01_P","valid","2012-03-07"
"http://dd.eionet.europa.eu/vocabulary/eurostat/sgm_reg/ITB02_C","Nuoro Collina","","ITB02_C","valid","2012-03-07"
"http://dd.eionet.europa.eu/vocabulary/eurostat/sgm_reg/ITB02_M","Nuoro Montagna","","ITB02_M","valid","2012-03-07"
"http://dd.eionet.europa.eu/vocabulary/eurostat/sgm_reg/ITB03_C","Oristano Collina","","ITB03_C","valid","2012-03-07"
"http://dd.eionet.europa.eu/vocabulary/eurostat/sgm_reg/ITB03_P","Oristano Pianura","","ITB03_P","valid","2012-03-07"
"http://dd.eionet.europa.eu/vocabulary/eurostat/sgm_reg/ITB04_C","Cagliari Collina","","ITB04_C","valid","2012-03-07"
"http://dd.eionet.europa.eu/vocabulary/eurostat/sgm_reg/ITB04_P","Cagliari Pianura","","ITB04_P","valid","2012-03-07"
"http://dd.eionet.europa.eu/vocabulary/eurostat/sgm_reg/ITB_C","Sardegna Collina","","ITB_C","valid","2012-03-07"
"http://dd.eionet.europa.eu/vocabulary/eurostat/sgm_reg/ITB_M","Sardegna Montagna","","ITB_M","valid","2012-03-07"
"http://dd.eionet.europa.eu/vocabulary/eurostat/sgm_reg/ITB_P","Sardegna Pianura","","ITB_P","valid","2012-03-07"
"http://dd.eionet.europa.eu/vocabulary/eurostat/sgm_reg/ITC1","Piemonte","","ITC1","valid","2012-03-07"
"http://dd.eionet.europa.eu/vocabulary/eurostat/sgm_reg/ITC2","Valle d'Aosta","","ITC2","valid","2012-03-07"
"http://dd.eionet.europa.eu/vocabulary/eurostat/sgm_reg/ITC3","Liguria","","ITC3","valid","2012-03-07"
"http://dd.eionet.europa.eu/vocabulary/eurostat/sgm_reg/ITC4","Lombardia","","ITC4","valid","2012-03-07"
"http://dd.eionet.europa.eu/vocabulary/eurostat/sgm_reg/ITD1","Alto Adige","","ITD1","valid","2012-03-07"
"http://dd.eionet.europa.eu/vocabulary/eurostat/sgm_reg/ITD2","Trentino","","ITD2","valid","2012-03-07"
"http://dd.eionet.europa.eu/vocabulary/eurostat/sgm_reg/ITD3","Veneto","","ITD3","valid","2012-03-07"
"http://dd.eionet.europa.eu/vocabulary/eurostat/sgm_reg/ITD4","Friuli-Venezia Giulia","","ITD4","valid","2012-03-07"
"http://dd.eionet.europa.eu/vocabulary/eurostat/sgm_reg/ITD5","Emilia-Romagna","","ITD5","valid","2012-03-07"
"http://dd.eionet.europa.eu/vocabulary/eurostat/sgm_reg/ITE1","Toscana","","ITE1","valid","2012-03-07"
"http://dd.eionet.europa.eu/vocabulary/eurostat/sgm_reg/ITE2","Umbria","","ITE2","valid","2012-03-07"
"http://dd.eionet.europa.eu/vocabulary/eurostat/sgm_reg/ITE3","Marche","","ITE3","valid","2012-03-07"
"http://dd.eionet.europa.eu/vocabulary/eurostat/sgm_reg/ITE4","Lazio","","ITE4","valid","2012-03-07"
"http://dd.eionet.europa.eu/vocabulary/eurostat/sgm_reg/ITF1","Abruzzo","","ITF1","valid","2012-03-07"
"http://dd.eionet.europa.eu/vocabulary/eurostat/sgm_reg/ITF2","Molise","","ITF2","valid","2012-03-07"
"http://dd.eionet.europa.eu/vocabulary/eurostat/sgm_reg/ITF3","Campania","","ITF3","valid","2012-03-07"
"http://dd.eionet.europa.eu/vocabulary/eurostat/sgm_reg/ITF4","Puglia","","ITF4","valid","2012-03-07"
"http://dd.eionet.europa.eu/vocabulary/eurostat/sgm_reg/ITF5","Basilicata","","ITF5","valid","2012-03-07"
"http://dd.eionet.europa.eu/vocabulary/eurostat/sgm_reg/ITF6","Calabria","","ITF6","valid","2012-03-07"
"http://dd.eionet.europa.eu/vocabulary/eurostat/sgm_reg/ITG1","Sicilia","","ITG1","valid","2012-03-07"
"http://dd.eionet.europa.eu/vocabulary/eurostat/sgm_reg/ITG2","Sardegna","","ITG2","valid","2012-03-07"
"http://dd.eionet.europa.eu/vocabulary/eurostat/sgm_reg/CY","Kypros/Kibris","","CY","valid","2012-03-07"
"http://dd.eionet.europa.eu/vocabulary/eurostat/sgm_reg/LV","Latvija","","LV","valid","2012-03-07"
"http://dd.eionet.europa.eu/vocabulary/eurostat/sgm_reg/LT","Lietuva","","LT","valid","2012-03-07"
"http://dd.eionet.europa.eu/vocabulary/eurostat/sgm_reg/LU","Luxembourg","","LU","valid","2012-03-07"
"http://dd.eionet.europa.eu/vocabulary/eurostat/sgm_reg/HU1","Közép-Magyarország","","HU1","valid","2012-03-07"
"http://dd.eionet.europa.eu/vocabulary/eurostat/sgm_reg/HU10","Közép-Magyarország","","HU10","valid","2012-03-07"
"http://dd.eionet.europa.eu/vocabulary/eurostat/sgm_reg/HU21","Közép-Dunántúl","","HU21","valid","2012-03-07"
"http://dd.eionet.europa.eu/vocabulary/eurostat/sgm_reg/HU22","Nyugat-Dunántúl","","HU22","valid","2012-03-07"
"http://dd.eionet.europa.eu/vocabulary/eurostat/sgm_reg/HU23","Dél-Dunántúl","","HU23","valid","2012-03-07"
"http://dd.eionet.europa.eu/vocabulary/eurostat/sgm_reg/HU31","Észak-Magyarország","","HU31","valid","2012-03-07"
"http://dd.eionet.europa.eu/vocabulary/eurostat/sgm_reg/HU32","Észak-Alföld","","HU32","valid","2012-03-07"
"http://dd.eionet.europa.eu/vocabulary/eurostat/sgm_reg/HU33","Dél-Alföld","","HU33","valid","2012-03-07"
"http://dd.eionet.europa.eu/vocabulary/eurostat/sgm_reg/MT","Malta","","MT","valid","2012-03-07"
"http://dd.eionet.europa.eu/vocabulary/eurostat/sgm_reg/NL","Nederland","","NL","valid","2012-03-07"
"http://dd.eionet.europa.eu/vocabulary/eurostat/sgm_reg/AT","Austria","","AT","valid","2012-03-07"
"http://dd.eionet.europa.eu/vocabulary/eurostat/sgm_reg/AT1","Ostösterreich","","AT1","valid","2012-03-07"
"http://dd.eionet.europa.eu/vocabulary/eurostat/sgm_reg/AT11","Burgenland","","AT11","valid","2012-03-07"
"http://dd.eionet.europa.eu/vocabulary/eurostat/sgm_reg/AT12","Niederösterreich","","AT12","valid","2012-03-07"
"http://dd.eionet.europa.eu/vocabulary/eurostat/sgm_reg/AT13","Wien","","AT13","valid","2012-03-07"
"http://dd.eionet.europa.eu/vocabulary/eurostat/sgm_reg/AT2","Südösterreich","","AT2","valid","2012-03-07"
"http://dd.eionet.europa.eu/vocabulary/eurostat/sgm_reg/AT21","Kärnten","","AT21","valid","2012-03-07"
"http://dd.eionet.europa.eu/vocabulary/eurostat/sgm_reg/AT22","Steiermark","","AT22","valid","2012-03-07"
"http://dd.eionet.europa.eu/vocabulary/eurostat/sgm_reg/AT3","Westösterreich","","AT3","valid","2012-03-07"
"http://dd.eionet.europa.eu/vocabulary/eurostat/sgm_reg/AT31","Oberösterreich","","AT31","valid","2012-03-07"
"http://dd.eionet.europa.eu/vocabulary/eurostat/sgm_reg/AT32","Salzburg","","AT32","valid","2012-03-07"
"http://dd.eionet.europa.eu/vocabulary/eurostat/sgm_reg/AT33","Tirol","","AT33","valid","2012-03-07"
"http://dd.eionet.europa.eu/vocabulary/eurostat/sgm_reg/AT34","Vorarlberg","","AT34","valid","2012-03-07"
"http://dd.eionet.europa.eu/vocabulary/eurostat/sgm_reg/PL_A","Pomorze i Mazury","","PL_A","valid","2012-03-07"
"http://dd.eionet.europa.eu/vocabulary/eurostat/sgm_reg/PL_B","Wielkopolska i Slask","","PL_B","valid","2012-03-07"
"http://dd.eionet.europa.eu/vocabulary/eurostat/sgm_reg/PL_C","Mazowsze i Podlasie","","PL_C","valid","2012-03-07"
"http://dd.eionet.europa.eu/vocabulary/eurostat/sgm_reg/PL_D","Malopolska i Pogórze","","PL_D","valid","2012-03-07"
"http://dd.eionet.europa.eu/vocabulary/eurostat/sgm_reg/PT","Portugal","","PT","valid","2012-03-07"
"http://dd.eionet.europa.eu/vocabulary/eurostat/sgm_reg/PT11","Norte","","PT11","valid","2012-03-07"
"http://dd.eionet.europa.eu/vocabulary/eurostat/sgm_reg/PT11_A","Minho","","PT11_A","valid","2012-03-07"
"http://dd.eionet.europa.eu/vocabulary/eurostat/sgm_reg/PT11_B","Trás-os-Montes","","PT11_B","valid","2012-03-07"
"http://dd.eionet.europa.eu/vocabulary/eurostat/sgm_reg/PT12_A","Beira Litoral","","PT12_A","valid","2012-03-07"
"http://dd.eionet.europa.eu/vocabulary/eurostat/sgm_reg/PT12_B","Beira Interior","","PT12_B","valid","2012-03-07"
"http://dd.eionet.europa.eu/vocabulary/eurostat/sgm_reg/PT13","Lisboa e Vale do Tejo","","PT13","valid","2012-03-07"
"http://dd.eionet.europa.eu/vocabulary/eurostat/sgm_reg/PT14","Alentejo","","PT14","valid","2012-03-07"
"http://dd.eionet.europa.eu/vocabulary/eurostat/sgm_reg/PT15","Algarve","","PT15","valid","2012-03-07"
"http://dd.eionet.europa.eu/vocabulary/eurostat/sgm_reg/PT16","Centro","","PT16","valid","2012-03-07"
"http://dd.eionet.europa.eu/vocabulary/eurostat/sgm_reg/PT17","Grande Lisboa","","PT17","valid","2012-03-07"
"http://dd.eionet.europa.eu/vocabulary/eurostat/sgm_reg/PT18","Alentejo","","PT18","valid","2012-03-07"
"http://dd.eionet.europa.eu/vocabulary/eurostat/sgm_reg/PT2","Açores","","PT2","valid","2012-03-07"
"http://dd.eionet.europa.eu/vocabulary/eurostat/sgm_reg/PT3","Madeira","","PT3","valid","2012-03-07"
"http://dd.eionet.europa.eu/vocabulary/eurostat/sgm_reg/RO","Romania","","RO","valid","2012-03-07"
"http://dd.eionet.europa.eu/vocabulary/eurostat/sgm_reg/SI","Slovenija","","SI","valid","2012-03-07"
"http://dd.eionet.europa.eu/vocabulary/eurostat/sgm_reg/SK01","Bratislavsky","","SK01","valid","2012-03-07"
"http://dd.eionet.europa.eu/vocabulary/eurostat/sgm_reg/SK02","Zapadne Slovensko","","SK02","valid","2012-03-07"
"http://dd.eionet.europa.eu/vocabulary/eurostat/sgm_reg/SK03","Stredne Slovensko","","SK03","valid","2012-03-07"
"http://dd.eionet.europa.eu/vocabulary/eurostat/sgm_reg/SK04","Vychodne Slovensko","","SK04","valid","2012-03-07"
"http://dd.eionet.europa.eu/vocabulary/eurostat/sgm_reg/FI","Finland","","FI","valid","2012-03-07"
"http://dd.eionet.europa.eu/vocabulary/eurostat/sgm_reg/FI13","Itä-Suomi","","FI13","valid","2012-03-07"
"http://dd.eionet.europa.eu/vocabulary/eurostat/sgm_reg/FI11_12_2","Etelä-Suomi","","FI11_12_2","valid","2012-03-07"
"http://dd.eionet.europa.eu/vocabulary/eurostat/sgm_reg/FI131_2_3_41","Sisä-Suomi","","FI131_2_3_41","valid","2012-03-07"
"http://dd.eionet.europa.eu/vocabulary/eurostat/sgm_reg/FI142_3_4","Pohjanmaa","","FI142_3_4","valid","2012-03-07"
"http://dd.eionet.europa.eu/vocabulary/eurostat/sgm_reg/FI15_134","Pohjois-Suomi","","FI15_134","valid","2012-03-07"
"http://dd.eionet.europa.eu/vocabulary/eurostat/sgm_reg/SE","Sweden","","SE","valid","2012-03-07"
"http://dd.eionet.europa.eu/vocabulary/eurostat/sgm_reg/SE01","Stockholm","","SE01","valid","2012-03-07"
"http://dd.eionet.europa.eu/vocabulary/eurostat/sgm_reg/SE02","Östra Mellansverige","","SE02","valid","2012-03-07"
"http://dd.eionet.europa.eu/vocabulary/eurostat/sgm_reg/SE04","Sydsverige","","SE04","valid","2012-03-07"
"http://dd.eionet.europa.eu/vocabulary/eurostat/sgm_reg/SE06","Norra Mellansverige","","SE06","valid","2012-03-07"
"http://dd.eionet.europa.eu/vocabulary/eurostat/sgm_reg/SE07","Mellersta Norrland","","SE07","valid","2012-03-07"
"http://dd.eionet.europa.eu/vocabulary/eurostat/sgm_reg/SE08","Övre Norrland","","SE08","valid","2012-03-07"
"http://dd.eionet.europa.eu/vocabulary/eurostat/sgm_reg/SE01_2_4_A","Stockholm/Östra Mellansverige/Sydsverige/Västsverige","","SE01_2_4_A","valid","2012-03-07"
"http://dd.eionet.europa.eu/vocabulary/eurostat/sgm_reg/SE01_A","Stockholm, Östra Mellansverige,Sydsverige","","SE01_A","valid","2012-03-07"
"http://dd.eionet.europa.eu/vocabulary/eurostat/sgm_reg/SE03_B","Småland, Göteborg, Älvsborg","","SE03_B","valid","2012-03-07"
"http://dd.eionet.europa.eu/vocabulary/eurostat/sgm_reg/SE06_9","Norra Mellansverige/Smaland med öarna","","SE06_9","valid","2012-03-07"
"http://dd.eionet.europa.eu/vocabulary/eurostat/sgm_reg/SE07_8","Mellersta Norrland/Övre Norrland","","SE07_8","valid","2012-03-07"
"http://dd.eionet.europa.eu/vocabulary/eurostat/sgm_reg/SE07_C","Gävleborg, Norrland","","SE07_C","valid","2012-03-07"
"http://dd.eionet.europa.eu/vocabulary/eurostat/sgm_reg/UK","United Kingdom","","UK","valid","2012-03-07"
"http://dd.eionet.europa.eu/vocabulary/eurostat/sgm_reg/UK1_2_8","North","","UK1_2_8","valid","2012-03-07"
"http://dd.eionet.europa.eu/vocabulary/eurostat/sgm_reg/UK3_4_5","East","","UK3_4_5","valid","2012-03-07"
"http://dd.eionet.europa.eu/vocabulary/eurostat/sgm_reg/UK6_7","West","","UK6_7","valid","2012-03-07"
"http://dd.eionet.europa.eu/vocabulary/eurostat/sgm_reg/UK9","Wales","","UK9","valid","2012-03-07"
"http://dd.eionet.europa.eu/vocabulary/eurostat/sgm_reg/UKA","Scotland","","UKA","valid","2012-03-07"
"http://dd.eionet.europa.eu/vocabulary/eurostat/sgm_reg/UKB","Northern Ireland (UK)","","UKB","valid","2012-03-07"
"http://dd.eionet.europa.eu/vocabulary/eurostat/sgm_reg/NO01_06","Sør-Norge","","NO01_06","valid","2012-03-07"
"http://dd.eionet.europa.eu/vocabulary/eurostat/sgm_reg/NO07","Nord-Norge","","NO07","valid","2012-03-07"
"http://dd.eionet.europa.eu/vocabulary/eurostat/sgm_reg/HR","Hrvatska","","HR","valid","2012-03-07"
"http://dd.eionet.europa.eu/vocabulary/eurostat/sgm_reg/MK","Poranesnata jugoslovenska Republika Mekedonija","","MK","valid","2012-03-07"
